#Monitoring-Site	Remote-Site	?	13Aug11	13Aug10	13Aug09	13Aug08	13Aug07	13Aug06	13Aug05	13Aug04	13Aug03	13Aug02	13Aug01	13Jul31	13Jul30	13Jul29	13Jul28	13Jul27	13Jul26	13Jul25	13Jul24	13Jul23	13Jul22	13Jul21	13Jul20	13Jul19	13Jul18	13Jul17	13Jul16	13Jul15	13Jul14	13Jul13	13Jul12	13Jul11	13Jul10	13Jul09	13Jul08	13Jul07	13Jul06	13Jul05	13Jul04	13Jul03	13Jul02	13Jul01	13Jun30	13Jun29	13Jun28	13Jun27	13Jun26	13Jun25	13Jun24	13Jun23	13Jun22	13Jun21	13Jun20	13Jun19	13Jun18	13Jun17	13Jun16	13Jun15	13Jun14	13Jun13	Monitoring-Node	Mon-TLD	Mon-Region	Remote-Node	Rem-TLD	Rem-Region	
GOV.ESNET.NOC.N4	AF.MOD.GOV.AF	?B	519.958	161.147	520.315	359.913	518.967	145.827	103.230	516.541	348.675	358.092	516.821	510.384	517.503	490.409	514.327	514.537	514.793	514.893	508.568	514.762	357.282	515.839	516.235	515.899	515.274	514.924	357.068	514.211	515.275	491.310	516.805	517.171	515.065	507.792	71.077	41.262	31.472	45.165	40.365	50.802	48.025	119.269	42.914	38.945	41.363	50.151	43.113	88.513	92.077	112.911	84.210	41.817	68.065	35.813	43.957	116.265	159.440	514.014	66.157	355.560	pinger.es.net	NET	North_America	www.mod.gov.af	AF	South_Asia
GOV.ESNET.NOC.N4	AL.ALBANIAONLINE.NET.N1	?B	212.416	216.946	175.681	220.012	307.723	266.886	188.919	230.968	190.491	356.520	367.819	283.865	331.389	225.817	220.377	239.582	302.995	240.470	328.049	381.293	473.328	330.390	270.174	408.869	358.529	270.645	300.674	344.418	311.621	316.080	260.864	1208.272	705.330	464.073	652.051	378.469	447.368	428.821	468.541	591.989	474.165	686.869	339.725	367.377	620.017	397.658	394.898	409.090	468.521	539.776	599.182	856.416	411.014	557.043	1256.394	606.512	538.795	1228.156	504.646	694.405	pinger.es.net	NET	North_America	aol1.albaniaonline.net	NET	Balkans
GOV.ESNET.NOC.N4	AM.SCI.N1	?B	.	.	.	.	.	.	.	.	.	.	.	.	.	.	.	.	.	.	.	.	.	.	.	1361.063	.	357.224	234.658	417.199	631.700	446.887	1306.324	287.233	657.367	352.378	653.859	535.846	292.666	327.111	375.729	404.218	924.409	248.580	170.584	185.712	165.754	248.820	614.306	669.637	1137.938	671.093	1251.510	1300.813	1297.114	1296.697	900.829	431.614	1215.128	614.476	259.999	654.022	pinger.es.net	NET	North_America	www.sci.am	AM	Central_Asia
GOV.ESNET.NOC.N4	AU.AARNET.ADELAIDE.N1	?B	2042.477	2042.333	2031.650	2037.961	2037.040	2030.317	2030.129	2031.095	2030.556	2028.737	2026.102	2028.585	2030.032	2027.863	2030.760	2030.261	2030.369	2024.005	2030.228	2030.594	2030.570	2030.758	2030.659	2030.566	2027.092	2030.189	2029.299	2030.856	2031.224	2028.811	2030.740	2027.750	2030.033	2030.261	2029.852	2029.191	2030.057	2030.083	2026.108	2030.001	2029.979	2029.843	2030.074	2029.947	2029.772	2026.817	2029.000	2029.855	2029.944	2030.173	2030.102	1404.382	2021.528	2025.772	2025.886	2008.543	2005.151	2005.165	2005.124	2001.581	pinger.es.net	NET	North_America	adl-a-ext1.aarnet.net.au	AU	Oceania
GOV.ESNET.NOC.N4	AU.AARNET.BRISBANE.NET	?B	2105.171	2105.128	2085.675	2100.303	2104.578	2104.768	2104.512	2105.521	2104.801	2103.096	2101.814	2103.058	2104.063	2104.476	2105.287	2104.139	2104.742	2100.565	2103.904	2105.044	2104.319	2105.266	2102.975	2096.826	2098.545	2101.324	2102.388	2104.059	2100.940	2104.482	2103.786	2100.819	2103.434	2104.720	2101.844	2102.899	2103.704	2104.178	2106.024	2104.319	2103.811	2103.849	2104.404	2101.608	2102.901	2098.095	2103.740	2104.350	2104.337	2104.624	2104.586	2093.180	2084.251	2087.668	2087.881	2077.678	2066.073	2066.012	2065.992	2060.654	pinger.es.net	NET	North_America	bne-a-ext1.aarnet.net.au	AU	Oceania
GOV.ESNET.NOC.N4	AU.AARNET.CANBERRA.NET	?B	2255.160	2253.865	2225.628	2249.369	2253.675	2253.843	2252.488	2249.023	2251.065	2249.366	2250.349	2251.710	2252.175	2254.634	2246.069	2252.647	2254.598	2243.025	2248.644	2253.396	2249.929	2249.883	2250.160	2247.714	2246.016	2245.457	2246.981	2254.942	2254.115	2250.894	2248.488	2248.373	2246.875	2254.097	2253.713	2253.949	2253.837	2253.898	2250.535	2253.769	2253.740	2253.844	2254.127	2253.980	2253.787	2248.332	2252.728	2253.675	2253.574	2253.960	2253.714	2240.805	2230.222	2234.470	2234.699	2213.524	2209.242	2209.387	2209.301	2202.472	pinger.es.net	NET	North_America	cbr-a-ext1.aarnet.net.au	AU	Oceania
GOV.ESNET.NOC.N4	AU.AARNET.HOBART.N2	?B	2023.578	2023.510	2013.399	2019.769	2018.862	2012.829	2012.428	2013.450	2013.131	2011.302	2008.965	2010.725	2012.848	2013.100	2013.404	2011.037	2013.421	2005.645	2012.566	2011.995	2011.255	2013.193	2012.359	2007.826	2009.078	2012.630	2009.378	2013.211	2011.384	2000.352	2003.669	2009.253	1999.090	2011.901	2003.214	2012.685	2011.928	2004.696	2002.026	2011.763	2012.494	2003.689	2005.179	2001.979	2012.429	2008.733	2011.802	2012.133	2012.336	2012.685	2012.774	1994.775	1982.130	1986.095	1986.222	1969.426	1966.169	1966.262	1966.206	1962.154	pinger.es.net	NET	North_America	hba-a-pm1.aarnet.net.au	AU	Oceania
GOV.ESNET.NOC.N4	AU.AARNET.PERTH.NET	?B	1775.221	1774.903	1766.115	1771.480	1770.837	1765.847	1765.777	1766.338	1766.205	1764.573	1763.206	1764.661	1765.280	1764.146	1766.252	1765.778	1765.930	1760.894	1765.821	1766.031	1766.102	1766.163	1766.099	1766.100	1763.660	1765.523	1765.043	1766.279	1766.521	1764.679	1766.164	1763.159	1765.651	1765.754	1765.574	1764.697	1765.645	1765.715	1763.072	1765.648	1765.611	1765.552	1765.732	1765.466	1765.421	1763.980	1764.976	1765.441	1765.591	1765.720	1765.690	1763.422	1758.883	1762.510	1762.500	1749.381	1746.772	1746.792	1746.791	1743.516	pinger.es.net	NET	North_America	per-a-ext1.aarnet.net.au	AU	Oceania
GOV.ESNET.NOC.N4	BA.UTIC.NET.N1	?B	2005.239	1375.012	2003.794	1978.962	1960.997	677.481	1956.200	1962.188	1959.702	1972.248	1366.260	1967.460	1993.968	1998.483	1993.935	975.593	2003.413	1991.199	1961.862	1920.246	1928.533	1931.302	1944.373	1935.899	1921.626	1910.532	1917.407	1917.091	1950.844	1914.820	1896.088	1315.006	1901.791	1943.692	1302.103	1808.155	1820.510	1875.906	1904.182	1185.970	1787.358	1775.197	1858.649	1881.768	1854.843	1860.297	1864.647	1862.137	1862.114	1870.640	1881.166	1863.220	1881.863	1895.058	1895.023	1915.676	1937.308	1939.206	1918.211	1909.205	pinger.es.net	NET	North_America	linhost2.utic.net.ba	BA	Balkans
GOV.ESNET.NOC.N4	BD.DUET.AC.N1	?B	1486.835	1484.275	1480.647	1481.114	1483.148	1469.442	1458.469	1458.491	1456.644	1457.840	1000.220	315.678	255.705	332.652	367.800	1456.314	1019.560	1400.647	1262.228	274.603	328.405	435.141	872.519	759.349	245.815	192.779	158.146	157.542	397.190	807.441	555.452	1130.881	311.601	249.345	160.739	238.345	864.911	323.274	199.871	553.457	491.748	189.525	347.944	1474.793	1474.772	1024.816	1477.942	1475.898	242.768	191.176	.	1475.542	1016.457	1475.604	341.543	479.439	1042.717	738.750	600.723	518.354	pinger.es.net	NET	North_America	www.duet.ac.bd	BD	South_Asia
GOV.ESNET.NOC.N4	BJ.GOUV.N1	?B	350.447	238.644	176.567	203.066	179.786	138.091	152.445	385.811	344.776	199.577	288.429	172.465	175.933	179.669	230.559	272.681	183.693	1235.696	162.335	248.449	239.170	862.680	862.500	187.153	205.560	347.452	347.430	244.417	1229.345	851.409	208.319	263.267	225.745	190.679	282.245	1251.673	613.273	289.000	249.786	285.156	249.593	274.168	1251.888	1252.144	433.015	1249.344	500.710	216.787	162.250	256.593	289.137	205.027	155.417	184.817	180.717	192.817	393.563	377.347	137.986	190.069	pinger.es.net	NET	North_America	waib.gouv.bj	BJ	Africa
GOV.ESNET.NOC.N4	BO.UMSS.EDU.N1	?M	1661.365	1615.724	1637.676	1688.257	1691.747	1691.339	1691.301	1692.580	1677.569	1681.740	1688.291	1664.543	1774.449	504.733	1676.269	1694.587	1692.547	1688.481	1691.113	1691.137	1691.238	1691.883	1669.229	1681.043	1659.148	1664.630	1652.072	659.859	1653.001	1668.523	1657.500	1649.815	1644.443	786.589	1656.946	1691.294	1691.045	1690.673	1582.967	1130.682	1635.781	1691.555	1691.564	1692.175	1683.490	1674.606	1676.867	1691.602	1685.727	1686.235	1674.952	1589.408	1098.660	1647.485	1647.368	1651.730	1652.973	1660.990	503.486	1648.391	pinger.es.net	NET	North_America	www.umss.edu.bo	BO	Latin_America
GOV.ESNET.NOC.N4	BR.UNESP.N1	?M	1804.119	1802.752	1801.446	1799.563	1801.789	1800.796	1801.896	1804.485	1804.196	1802.996	1788.692	1544.090	1037.459	1644.100	1803.110	1797.523	1787.616	1794.079	1803.451	1803.467	1803.342	1803.017	1804.168	1770.567	1741.815	1767.776	1763.662	1764.544	1765.448	1765.188	1713.750	1588.829	1582.016	1764.866	1750.815	1765.085	1765.176	1763.746	1761.598	1764.204	1763.458	499.139	1765.300	1765.152	1764.049	1758.788	1753.554	1767.408	1778.243	1779.147	1779.239	409.369	1774.863	1774.960	1776.988	1762.930	1762.999	1762.274	1760.685	1757.859	pinger.es.net	NET	North_America	pinger.unesp.br	BR	Latin_America
GOV.ESNET.NOC.N4	BY.MTEC.N1	?B	1060.343	914.158	543.036	842.568	1197.577	463.156	822.809	795.976	637.843	849.037	1211.609	1240.309	1760.062	1783.409	1745.236	1880.544	1733.949	1716.082	440.421	347.459	596.958	478.077	881.311	615.510	1265.888	1777.511	713.027	723.479	693.598	1213.132	1225.779	727.207	851.599	453.333	533.713	524.881	793.171	1136.356	607.476	441.064	608.176	396.373	1201.384	827.802	848.624	857.347	835.184	530.605	829.902	528.756	668.373	498.155	1182.729	844.929	436.010	1221.734	1777.105	1821.372	1780.930	1813.461	pinger.es.net	NET	North_America	www.mtec.by	BY	Europe
GOV.ESNET.NOC.N4	CA.CARLETON.N1	?B	6042.058	6030.943	6033.948	5998.941	6028.486	6028.379	6028.494	6041.502	6038.782	4291.294	4143.035	6035.694	6031.148	6034.897	5389.597	5030.595	5173.415	6006.420	6034.428	6029.130	6031.423	6038.342	6037.560	6035.677	6001.345	2295.748	827.960	6036.804	6041.700	6038.876	4181.936	5998.031	5765.646	6036.931	6032.543	6038.403	6038.498	5948.169	6000.923	6030.779	6032.777	6037.211	6039.049	6038.247	6035.973	5993.643	6028.125	6032.511	6034.691	6037.601	5659.568	5031.631	3458.013	5026.439	5022.170	4921.125	4900.479	2395.702	4900.531	4877.850	pinger.es.net	NET	North_America	ftp.physics.carleton.ca	CA	North_America
GOV.ESNET.NOC.N4	CA.TRIUMF.N1	?M	17525.002	17512.366	17490.321	17208.605	17470.052	17470.500	17496.293	17536.305	17533.703	16699.628	17205.900	17522.959	17399.653	17531.068	17492.150	17469.157	17343.516	17227.133	12120.376	17384.400	17494.635	17508.803	17508.768	17488.043	17285.348	17446.225	17444.371	17549.810	17551.235	17528.156	17478.388	17231.787	17465.027	17397.399	12057.081	17496.604	17502.235	17032.500	16830.833	11993.273	11922.610	12126.287	17492.253	17258.291	17064.699	17236.948	12059.733	16195.092	4685.459	17368.323	16715.972	17014.944	11797.629	16767.035	16946.668	16182.497	16032.847	16038.329	15966.226	14482.058	pinger.es.net	NET	North_America	sitka.triumf.ca	CA	North_America
GOV.ESNET.NOC.N4	CH.CERN.N1	?B	2096.801	2093.698	2092.249	2088.230	2063.885	2065.263	2094.944	2091.748	2091.263	1752.376	1713.293	2094.268	2094.719	2094.457	2092.440	2093.471	2093.257	2091.300	2093.004	2095.138	2094.042	2093.301	2094.267	2145.487	2089.980	1451.970	2095.121	2092.892	2093.600	1450.911	2095.998	2090.547	1417.758	1018.271	2071.613	2089.600	2091.702	2089.535	2091.343	2094.619	2199.869	2314.686	2311.620	2167.454	2096.354	2091.700	2094.603	2098.515	2097.214	2096.527	1452.305	2097.058	2094.632	2097.365	1483.532	2293.406	2288.761	1122.010	2290.461	1582.449	pinger.es.net	NET	North_America	ping.cern.ch	CH	Europe
GOV.ESNET.NOC.N4	CH.EPFL.N1	?B	2210.237	2209.100	2208.601	2206.105	2187.278	2201.643	2204.012	2206.413	2206.330	2205.896	2200.797	2205.891	2195.065	2205.943	2206.079	2205.077	2206.117	2202.341	2225.423	2228.885	2226.490	2229.917	2230.154	2191.624	2225.247	2227.307	2221.793	2230.145	2230.456	2229.972	2219.642	2223.775	2201.355	2208.126	2229.672	2229.670	2229.790	2229.565	2225.645	2229.553	2229.697	2229.646	2228.366	2229.740	2235.730	1544.064	2205.422	2213.466	1539.599	2235.836	2235.481	2228.893	2231.983	2235.167	2235.528	2214.467	2210.385	2210.297	2210.894	2206.465	pinger.es.net	NET	North_America	eltca1.epfl.ch	CH	Europe
GOV.ESNET.NOC.N4	CM.CAMNET.N1	?B	.	.	.	.	.	.	.	.	.	.	.	.	.	.	.	.	.	.	.	.	.	.	.	.	.	.	.	.	.	.	.	.	.	.	.	.	.	.	.	.	.	.	.	.	.	1414.442	1410.529	1412.119	1403.114	.	.	73.748	70.743	69.074	119.284	1384.179	684.814	967.618	1388.305	1394.887	pinger.es.net	NET	North_America	www.camnet.cm	CM	Africa
GOV.ESNET.NOC.N4	CN.IHEP.AC.N2	?B	2086.788	2085.207	2085.661	2079.859	2067.833	2063.416	2063.880	1981.152	2062.761	2065.257	2058.675	2052.738	2053.096	2053.173	2023.831	2008.725	1972.431	2016.827	2028.627	1995.376	2053.476	2052.914	2053.719	2049.561	2050.166	2022.214	2041.908	2053.083	2032.562	2065.807	2053.556	2029.904	2065.391	2063.114	823.803	2064.767	2065.090	2065.353	2051.124	2008.162	2047.041	2053.021	2052.540	2053.132	2053.252	2054.274	2060.630	2041.480	2053.327	2045.548	2039.089	2033.712	2042.105	2053.842	2053.585	2049.510	2019.748	2004.247	2016.457	2008.719	pinger.es.net	NET	North_America	ihep.ac.cn	CN	East_Asia
GOV.ESNET.NOC.N4	CN.USTC.LCG.PS.EDU.N1	?B	1992.402	1989.821	1990.849	1987.275	1966.249	477.727	478.471	1916.780	1954.921	1933.383	1950.118	1955.052	1953.461	1954.273	1901.619	1875.368	1875.740	657.454	1950.429	1332.107	1914.192	1912.509	1913.638	1876.712	537.456	1913.269	1904.382	1955.510	1955.137	1955.086	1955.060	1950.725	1954.240	1953.748	1939.900	1954.852	1954.660	1954.715	1941.621	1876.292	1945.648	1953.105	1954.122	1953.127	1952.719	1350.244	1710.313	1691.408	1768.936	1896.896	1725.336	1292.379	1886.962	1924.133	1345.584	965.883	1922.855	1895.722	1906.743	1824.475	pinger.es.net	NET	North_America	ps.lcg.ustc.edu.cn	CN	East_Asia
GOV.ESNET.NOC.N4	CR.CUC.AC.N1	?B	2779.035	1156.740	1200.054	1266.733	1147.711	690.315	2563.047	2776.761	1163.909	2777.619	699.858	946.108	1077.621	1446.735	2802.874	1092.708	794.464	1882.443	995.530	654.625	698.437	2787.106	2574.583	2353.509	2486.001	1705.448	1649.232	588.723	2801.954	1741.117	872.140	790.244	413.031	1692.937	1465.690	2801.053	2781.780	2802.650	2816.850	2800.041	2780.885	2709.120	2804.587	1585.907	606.974	1120.450	1038.002	2174.787	2427.946	2752.954	726.338	331.079	1026.862	602.761	827.244	1220.107	2795.729	2659.863	729.479	2533.059	pinger.es.net	NET	North_America	www.cuc.ac.cr	CR	Latin_America
GOV.ESNET.NOC.N4	DJ.EBANKSALAAM.N1	?B	.	.	.	.	.	.	.	.	.	.	.	.	.	.	.	.	.	.	.	.	.	.	.	.	.	.	.	.	.	.	.	.	.	.	.	.	.	.	.	.	.	.	.	.	.	.	.	.	.	.	.	.	.	.	.	.	.	.	.	.	pinger.es.net	NET	North_America	www.ebanksalaam.dj	DJ	Africa
GOV.ESNET.NOC.N4	DZ.UNIV-SBA	?B	1698.749	1754.070	1212.322	1757.524	1675.460	1227.543	1207.818	373.650	1721.281	1535.591	752.137	1246.695	1853.808	905.340	1220.333	1273.352	1859.154	1243.512	1259.642	1816.549	1815.638	1808.346	1278.813	883.356	1275.082	1835.131	1851.577	1862.847	1270.230	1346.071	1989.140	941.843	1894.424	1269.458	1576.776	1195.266	1821.472	1316.699	1249.541	854.708	1255.082	1840.839	1844.020	1790.834	1268.343	1761.600	1245.454	1778.247	929.513	1276.709	1878.188	825.581	1756.021	606.558	1239.288	1741.481	1238.814	854.376	1846.297	889.622	pinger.es.net	NET	North_America	www.univ-sba.dz	DZ	Africa
GOV.ESNET.NOC.N4	EC.IMPSAT.NET.N1	?B	.	.	.	.	.	.	.	.	.	.	.	.	.	.	.	.	.	.	.	.	.	.	.	.	.	.	.	.	.	.	.	.	.	.	.	.	.	.	.	.	.	.	.	.	.	.	.	.	.	.	2210.285	461.007	682.192	1025.244	395.058	2150.838	2146.364	2107.349	2114.125	2104.293	pinger.es.net	NET	North_America	gye.impsat.net.ec	EC	Latin_America
GOV.ESNET.NOC.N4	EDU.SLAC.STANFORD.N1	?B	.	.	.	.	.	.	.	.	.	.	.	.	.	.	.	.	.	.	.	.	.	.	.	.	.	.	.	.	.	.	.	.	.	.	.	.	.	.	.	.	.	.	.	.	.	.	.	.	.	.	.	.	.	.	.	.	.	.	.	.	pinger.es.net	NET	North_America	ping.slac.stanford.edu	EDU	North_America
GOV.ESNET.NOC.N4	EE.UT.N1	?B	1919.340	1901.179	1882.734	1880.388	1911.307	1932.821	1932.990	1934.476	1934.376	1934.539	1931.669	1935.109	1934.380	1934.623	1935.225	1934.415	1935.108	1931.163	1934.852	1934.571	1937.819	1958.701	1934.884	1934.397	1936.272	1932.756	1939.700	1934.174	1935.035	1934.647	1927.530	1921.242	1895.517	1915.161	1935.237	1897.246	1899.272	1929.715	1903.276	1986.868	1987.216	1986.961	1985.922	1987.056	1967.975	1982.514	1987.320	1980.674	1981.970	1987.212	1987.435	1986.403	1984.326	1371.870	1986.981	1968.468	1967.026	1967.477	1967.450	1964.652	pinger.es.net	NET	North_America	kadri.ut.ee	EE	Europe
GOV.ESNET.NOC.N4	EG.EUN.N1	?B	1482.378	888.729	455.536	555.831	1486.223	1480.192	1475.114	1487.286	1495.351	764.733	97.140	1470.339	451.361	1466.821	823.300	590.908	1484.197	1472.933	1472.058	1496.414	232.973	1447.684	1504.781	460.688	1466.551	1470.818	1463.455	1446.650	1467.710	344.012	1483.378	459.186	292.713	203.379	1471.910	1463.991	1496.353	1484.364	1476.892	1469.553	332.415	1466.494	1491.675	1494.424	1507.149	1484.787	1534.579	1460.784	1470.989	1464.026	1475.488	394.400	1480.551	182.821	241.181	157.098	285.110	1421.010	1487.015	562.614	pinger.es.net	NET	North_America	frcu.eun.eg	EG	Africa
GOV.ESNET.NOC.N4	ET.STMARYCOLLEGE.N3	?B	469.121	105.134	35.478	96.242	70.099	49.953	71.406	180.172	44.669	34.949	33.741	23.312	53.238	44.421	316.097	448.960	61.162	57.144	150.603	280.073	77.218	366.339	140.280	57.599	.	104.396	78.585	62.403	112.631	42.013	80.713	110.060	68.555	136.343	131.498	848.710	80.015	32.635	72.270	43.128	56.764	513.411	661.134	334.032	44.303	64.916	42.744	61.579	119.772	824.130	248.046	214.783	168.540	140.075	60.686	89.318	142.515	105.888	139.922	249.037	pinger.es.net	NET	North_America	www.stmaryuniversitycollege.edu.et	ET	Africa
GOV.ESNET.NOC.N4	GA.TRESOR.N1	?B	616.644	393.693	307.602	82.710	192.960	382.836	623.618	295.180	621.349	376.145	469.757	883.899	1274.551	397.626	1294.054	265.591	1281.064	631.184	885.683	888.248	635.766	518.735	900.498	632.144	447.793	430.482	509.808	336.111	889.503	890.836	391.332	626.346	622.259	619.233	609.012	894.036	632.533	615.697	439.840	614.518	1223.956	1289.330	631.310	457.377	621.275	439.563	270.808	630.106	285.119	518.280	1283.466	634.601	361.762	351.070	401.512	362.453	1292.247	400.292	1285.006	301.584	pinger.es.net	NET	North_America	www.tresor.ga	GA	Africa
GOV.ESNET.NOC.N4	GH.CSIR.ORG.N1	?B	1042.785	517.494	190.323	604.913	301.716	346.490	459.191	324.061	734.777	466.328	598.682	518.094	730.771	1509.747	1476.523	1512.666	699.484	1509.792	520.895	268.695	253.420	1503.820	462.042	236.566	292.773	522.772	1036.413	1509.899	1511.855	1047.141	1507.122	1041.904	1496.807	369.060	599.059	735.551	520.400	573.831	1033.769	414.516	495.292	1039.427	733.198	515.385	368.305	332.658	450.227	1488.577	589.999	392.336	1033.922	731.049	461.048	343.023	460.467	458.250	465.145	997.674	335.994	312.303	pinger.es.net	NET	North_America	www.csir.org.gh	GH	Africa
GOV.ESNET.NOC.N4	GM.QANET.N1	?B	279.922	1455.948	1456.432	1455.057	250.967	1456.152	1456.901	1454.609	244.328	1456.305	1008.081	582.417	713.092	1009.578	1455.727	1457.054	1452.119	711.461	1456.623	1456.782	1454.985	1455.903	1456.477	1007.814	1451.247	1006.261	1455.137	1456.980	1455.882	1471.598	1477.355	1454.536	708.055	1455.977	1458.593	1457.049	1455.547	1456.429	1454.708	1455.912	1454.134	1456.395	1457.264	1457.153	1456.991	1453.681	1457.036	1453.646	1445.072	1445.699	1445.650	1444.750	1446.058	1460.251	1449.374	995.137	1435.120	1434.930	1434.819	1442.557	pinger.es.net	NET	North_America	mail.qanet.gm	GM	Africa
GOV.ESNET.NOC.N4	GOV.FNAL.N1	?B	.	.	.	.	.	.	.	.	.	.	.	.	.	.	.	.	.	.	.	.	.	.	.	.	.	.	.	.	.	.	.	.	.	.	.	.	.	.	.	.	.	.	.	.	.	.	.	.	.	.	.	.	.	.	.	.	.	.	.	.	pinger.es.net	NET	North_America	fnal.fnal.gov	GOV	North_America
GOV.ESNET.NOC.N4	GT.USAC.EDU.N1	?B	1425.471	2910.305	2006.201	2893.855	2911.132	2903.235	822.648	1164.917	1050.258	1466.594	2017.387	2018.475	2039.161	2021.376	2019.944	1164.701	651.010	2894.423	591.149	2017.887	2913.530	903.591	1425.267	2002.955	2913.522	2899.998	1427.318	2901.214	.	1488.465	2652.703	2874.259	808.045	992.653	624.605	1886.752	1050.459	761.836	1997.804	2972.380	1190.395	1415.143	1001.739	2003.858	2002.843	1472.226	1269.839	1728.192	910.763	2264.483	2252.558	575.372	3214.496	913.137	806.704	359.828	3334.106	942.645	2279.161	1006.788	pinger.es.net	NET	North_America	fisica.usac.edu.gt	GT	Latin_America
GOV.ESNET.NOC.N4	HN.EDU.UNITEC.N1	?B	2675.460	1292.785	1291.922	1750.582	1807.792	1845.677	1775.405	2690.718	2689.408	1300.469	1298.313	1275.714	1783.827	2495.567	1750.620	2558.361	1274.184	1032.114	1815.004	2607.209	1054.541	2697.707	2600.655	1262.007	1543.388	1816.715	818.834	2419.585	2667.866	2678.913	1755.159	1873.658	2568.378	2710.956	478.509	2628.956	2621.591	2559.680	2510.411	1452.985	2993.274	2926.107	2628.501	1758.574	2919.355	2642.795	2956.218	2982.020	2945.649	2968.443	3014.665	2081.768	2996.777	2979.148	1405.051	2289.190	1812.396	2615.465	1274.285	2578.429	pinger.es.net	NET	North_America	www.unitec.edu	EDU	Latin_America
GOV.ESNET.NOC.N4	HR.CARNET.N2	?B	1951.498	1950.596	1949.901	1947.255	1949.204	1978.068	1982.511	1984.206	1982.374	1982.445	1978.956	1982.485	1990.995	148.777	1983.037	1982.019	1983.174	1979.208	1982.437	1373.228	1980.368	1983.195	1983.352	2012.399	1908.464	1880.548	1877.648	1880.794	536.790	1881.103	1865.870	1877.629	1932.967	1358.259	1983.241	1983.274	1373.969	1983.388	1907.131	1881.622	1881.504	1881.879	1881.766	1881.964	1880.706	1877.995	1897.486	1311.938	1876.986	1881.754	1882.004	1881.835	1906.791	1880.800	1892.459	1865.079	1863.854	1863.333	1863.906	1860.825	pinger.es.net	NET	North_America	www.carnet.hr	HR	Balkans
GOV.ESNET.NOC.N4	HU.KFKI.N1	?B	2156.826	2156.010	2156.468	2152.516	2135.285	2151.240	2151.634	2152.966	2153.080	2153.787	2148.732	2153.879	2153.275	2153.264	2153.460	.	2153.656	2136.859	2149.322	1055.271	2158.221	2169.270	2169.192	2165.562	1831.317	2157.768	2148.398	1486.298	1921.152	1910.425	1897.492	1906.131	2053.448	2136.418	1054.621	862.711	1492.847	1493.378	2156.115	2167.122	2163.403	1486.171	2154.303	1496.498	2167.025	2165.372	2175.802	1501.642	2153.518	1059.775	2169.115	2157.923	2167.617	2169.288	1506.174	2149.212	2140.971	2133.851	1047.273	1042.249	pinger.es.net	NET	North_America	ping.rmki.kfki.hu	HU	Europe
GOV.ESNET.NOC.N4	ID.DNET.NET.N1	?B	.	.	.	.	.	.	.	.	.	.	.	.	.	.	.	.	1791.465	1792.224	1188.524	1651.920	1145.602	1656.204	1652.834	1652.577	1651.804	1652.667	1654.022	1655.433	1654.915	1661.667	1692.050	1690.638	1686.369	1662.969	1663.543	1664.787	1667.154	1655.661	1626.132	1128.785	1622.608	1628.471	1624.878	1666.098	1732.684	1754.733	543.253	714.337	271.584	1224.204	1214.449	671.738	1677.754	1672.848	1646.405	1667.052	1673.640	1158.756	1669.061	1669.034	pinger.es.net	NET	North_America	speedtest.sby.dnet.net.id	ID	S.E._Asia
GOV.ESNET.NOC.N4	IL.WEIZMANN.AC.N1	?B	.	.	.	.	.	.	.	.	.	.	.	.	.	.	.	.	.	.	.	.	.	.	.	.	.	.	.	.	.	.	.	.	.	.	.	.	.	.	.	.	.	.	.	.	.	.	.	.	.	.	.	.	.	.	.	.	.	.	.	.	pinger.es.net	NET	North_America	www.weizmann.ac.il	IL	Middle_East
GOV.ESNET.NOC.N4	IN.CDACMUMBAI.N1	?M	690.095	1421.534	1422.244	565.756	1423.711	442.056	699.251	991.611	571.509	698.229	697.753	494.340	700.014	403.542	495.469	699.319	262.255	699.058	312.777	274.176	810.884	.	1044.946	1334.510	1365.131	647.787	637.552	930.834	895.784	904.857	577.793	400.998	323.817	293.517	413.863	411.069	323.798	479.007	556.009	750.364	1365.162	1290.408	903.263	495.885	1304.961	894.573	1346.936	988.802	683.626	698.217	1424.604	1408.273	1408.746	370.788	1429.206	443.664	578.545	502.662	1444.779	1443.160	pinger.es.net	NET	North_America	pinger.cdacmumbai.in	IN	South_Asia
GOV.ESNET.NOC.N4	IR.IRANLG.N1	?B	768.021	1078.446	231.773	727.170	1116.662	536.025	118.310	224.763	513.681	1090.409	565.699	817.825	799.797	284.359	426.056	359.445	336.146	440.788	222.318	405.599	838.075	195.185	154.675	858.030	1235.106	127.161	160.421	228.229	198.083	391.234	820.299	580.437	630.268	789.878	244.799	193.335	583.806	795.083	770.436	544.032	497.307	208.150	170.615	229.408	99.363	1180.032	485.858	241.754	371.401	582.032	323.628	467.816	822.063	576.032	285.606	788.995	803.181	280.551	224.938	786.442	pinger.es.net	NET	North_America	www.iranlng.ir	IR	Middle_East
GOV.ESNET.NOC.N4	IT.ICTP.N1	?M	2015.361	2014.513	2014.554	2010.925	1978.620	1976.655	1975.529	1977.221	1977.430	1977.586	1972.935	1977.643	1967.149	1976.748	1977.516	1976.543	1977.464	1973.898	2009.500	2014.500	2012.519	2015.530	2015.424	1978.492	2010.939	2014.374	2012.355	2015.499	2015.558	2015.564	2006.764	2011.219	1993.079	1995.031	2015.259	2015.155	2015.536	2015.502	2009.963	2012.972	2015.021	2013.908	2014.129	2015.442	2021.972	2017.920	2017.681	2059.033	2082.000	2085.629	2085.824	2083.011	2078.729	1993.702	1806.757	2038.606	2063.813	2063.757	2061.302	2060.088	pinger.es.net	NET	North_America	pinger.ictp.it	IT	Europe
GOV.ESNET.NOC.N4	IT.INFN.N6	?B	1879.024	1881.239	1850.090	1887.734	1875.030	1888.799	1866.300	1885.106	1875.488	1304.466	1314.946	1853.055	1878.472	1834.730	1865.954	1868.313	1810.836	1857.299	1852.071	1883.215	1876.072	1878.340	1876.494	1857.983	1859.324	1858.928	1838.200	1860.268	1878.162	1863.568	1863.299	1849.020	1810.556	1824.620	1839.640	1871.416	1895.395	1890.101	1845.173	1884.514	1880.939	1872.420	1893.057	1896.306	1860.275	1884.388	1866.016	1327.010	1348.293	1919.087	1950.454	1943.225	953.801	1866.505	1174.371	1890.055	1906.734	1911.478	940.137	1920.839	pinger.es.net	NET	North_America	dsna1.na.infn.it	IT	Europe
GOV.ESNET.NOC.N4	IT.INFN.N7	?B	2020.202	2019.763	2012.381	2014.125	2001.532	2015.957	2016.082	2018.192	2018.255	2018.478	2014.407	2020.076	2023.221	2017.608	2017.811	2016.750	988.487	1393.401	2033.664	2035.812	2031.846	2036.997	2036.720	2035.542	2033.035	2032.616	2031.702	2036.417	2036.991	2036.812	2028.153	2023.472	2013.558	2016.518	2035.887	2036.699	2036.895	2036.462	1408.111	1413.024	2030.731	2036.567	2034.910	1410.338	2050.992	1418.617	2050.012	2089.697	2110.682	2115.818	846.572	2112.968	2104.912	1401.364	1830.241	1433.296	2094.779	2094.513	2094.718	2090.089	pinger.es.net	NET	North_America	dxcnaf.cnaf.infn.it	IT	Europe
GOV.ESNET.NOC.N4	JO.SESAME.ORG.N1	?M	1493.423	1222.521	1216.041	1759.352	1756.609	256.868	1600.221	1635.269	1663.534	653.082	803.760	1643.182	1642.677	805.670	815.683	1676.749	1666.759	1605.082	1149.615	1665.084	1662.307	1652.965	1650.250	1665.172	1636.999	1633.754	1654.922	1640.053	1135.825	1641.546	1661.296	1610.034	1049.139	1623.367	1613.945	1617.522	1675.309	1696.264	1729.564	1757.887	811.469	1313.812	1094.928	542.845	430.774	273.936	1682.367	1651.117	1603.941	1608.725	1599.454	576.844	1125.862	1173.019	1192.346	1710.740	1221.395	620.723	413.016	863.361	pinger.es.net	NET	North_America	pinger.sesame.org.jo	JO	Middle_East
GOV.ESNET.NOC.N4	JP.KEK.N1	?B	.	.	.	.	.	.	.	.	.	.	.	.	.	.	.	.	.	.	.	.	.	.	.	.	.	.	.	.	.	.	.	.	.	.	.	.	.	.	.	.	.	.	.	.	.	.	.	.	.	.	.	.	.	.	.	.	.	.	.	.	pinger.es.net	NET	North_America	www.kek.jp	JP	East_Asia
GOV.ESNET.NOC.N4	JP.RIKEN.N3	?M	3077.277	2130.225	3075.186	3041.533	2531.308	2530.661	2531.389	2532.956	2532.509	2532.682	2526.555	2532.519	2531.404	2531.750	2532.516	2531.834	2532.581	2527.198	2532.549	2531.887	2532.488	2532.504	2532.203	2532.518	2526.580	2530.604	2527.030	2532.527	2532.396	2532.625	2532.640	2525.627	2532.488	2532.425	2532.496	2532.518	2532.392	2532.455	2525.817	2532.285	2532.111	2532.559	2530.674	2532.479	2532.197	2525.113	2532.083	2531.953	2532.148	2532.714	2532.627	2531.961	2526.540	2532.140	2532.130	1786.549	2590.622	2590.175	2589.944	2567.786	pinger.es.net	NET	North_America	ping.riken.jp	JP	East_Asia
GOV.ESNET.NOC.N4	KE.SWIFTKENYA.COM.N1	?B	202.388	239.129	257.849	1232.304	615.338	1252.656	1243.075	1252.345	1252.472	765.825	1248.225	386.184	492.253	854.753	592.137	1249.975	1233.021	1239.929	1242.861	321.990	855.099	505.436	1265.898	440.415	880.782	390.389	1273.412	386.159	1276.446	1270.027	1267.861	877.210	1264.368	795.808	471.579	154.597	1037.141	778.348	273.875	154.570	244.167	620.599	1268.698	872.404	1254.242	865.314	612.970	433.415	864.790	1255.599	1250.639	489.698	1234.730	1261.800	503.391	1267.042	1270.613	1249.708	864.610	862.234	pinger.es.net	NET	North_America	ns1.swiftkenya.com	COM	Africa
GOV.ESNET.NOC.N4	KH.CAMNET.COM.N1	?B	.	.	.	.	.	.	.	.	.	.	.	.	.	.	.	.	.	.	.	.	.	.	.	.	.	.	.	.	.	.	.	.	.	.	.	.	.	.	.	.	.	.	.	.	.	.	.	.	.	.	.	.	.	.	.	.	.	.	.	.	pinger.es.net	NET	North_America	www.camnet.com.kh	KH	S.E._Asia
GOV.ESNET.NOC.N4	KR.KYUNGWON.AC.N1	?B	2422.392	2420.536	2419.338	2415.418	2418.820	2418.538	2417.935	2418.269	2415.727	2412.820	2407.726	2135.293	2337.642	2341.375	2336.371	2161.390	2005.829	2177.370	2131.242	2188.328	2313.074	2332.253	2333.086	2338.094	2337.229	2106.322	2222.913	2343.603	2351.537	2322.733	2224.482	2018.756	2084.743	2056.036	2390.394	1121.847	2354.509	2324.415	2315.541	2334.131	2089.234	1989.800	1998.047	2008.088	2000.868	1965.492	2282.735	2363.558	2364.574	2324.541	2356.804	2351.615	2090.075	2048.710	2274.014	2415.836	2427.382	2426.942	2423.979	2415.762	pinger.es.net	NET	North_America	main.kyungwon.ac.kr	KR	East_Asia
GOV.ESNET.NOC.N4	KZ.KAZRENA.N1	?B	1364.603	1364.160	1436.191	1368.504	1379.637	1385.889	1381.562	1289.218	1291.690	1394.728	1491.432	1299.847	1458.809	1490.514	1387.955	1373.960	1372.648	1373.078	1491.536	1493.718	1491.201	1465.373	1498.321	1497.170	1486.065	1455.867	1498.106	450.308	1279.432	1277.973	921.173	1496.701	1487.480	1469.469	1300.983	1279.293	1489.526	1500.255	1498.232	1392.581	899.292	1296.547	1277.828	1363.834	1381.801	1469.315	1468.480	1494.230	1491.267	1380.172	1494.436	1493.437	1492.544	1498.508	1498.456	1484.308	1487.854	1364.746	1416.957	1429.640	pinger.es.net	NET	North_America	www.kazrena.kz	KZ	Central_Asia
GOV.ESNET.NOC.N4	LB.CUT.EDU.N1	?B	1705.371	1707.811	1178.939	1693.430	1693.820	582.758	1680.800	1683.554	1681.942	1165.139	1716.753	1723.300	1719.166	686.035	1720.535	1726.648	1196.010	1707.975	1173.889	831.541	1177.985	593.371	1711.095	523.861	1186.023	1710.336	1713.645	685.007	1714.034	1712.428	1182.688	1711.987	1707.210	1702.717	1706.824	1718.206	1718.089	1717.845	1715.617	1715.129	1716.653	1725.441	.	.	.	.	.	.	.	.	.	.	.	.	.	.	.	.	.	.	pinger.es.net	NET	North_America	www.cut.edu.lb	LB	Middle_East
GOV.ESNET.NOC.N4	LK.LEARN.AC.N1	?B	1200.259	1231.042	1151.963	1183.013	1191.545	1239.101	1242.694	1237.790	762.126	1216.326	1246.353	853.340	1228.103	1225.240	1237.329	1243.680	856.905	1202.433	323.950	269.456	1179.145	844.611	1204.434	1237.016	1226.315	1223.821	1157.126	1214.864	1222.166	1230.933	1241.055	1241.808	1237.341	397.864	1177.870	1194.826	1199.257	1210.306	1215.881	1278.178	1226.343	1212.608	1249.171	1245.563	1236.643	1196.763	1214.227	1238.677	1215.985	1232.184	1240.777	1234.797	1209.661	1168.404	1107.725	278.306	1234.285	1252.360	1263.657	1264.536	pinger.es.net	NET	North_America	namunu.learn.ac.lk	LK	South_Asia
GOV.ESNET.NOC.N4	LS.LESOTHO.GOV.N1	?B	378.283	765.480	720.622	1024.691	514.814	273.181	419.714	766.878	1102.526	1044.880	522.323	476.919	498.228	425.931	772.852	1133.790	1078.653	1069.467	1026.398	1010.575	1030.243	1124.711	1128.783	1095.657	1074.412	1099.337	448.104	1039.815	1109.339	1122.777	741.835	747.255	405.322	1079.403	753.314	1126.970	1128.783	775.207	1099.486	1101.310	768.587	1091.547	778.789	1129.401	1116.164	759.999	1122.233	467.982	1011.808	462.612	1126.604	434.638	435.467	329.973	332.052	1073.259	1019.788	1012.780	711.414	733.679	pinger.es.net	NET	North_America	www.lesotho.gov.ls	LS	Africa
GOV.ESNET.NOC.N4	LT.MII.N1	?B	1813.067	1811.547	1812.093	1809.253	1812.272	1837.390	1838.668	1840.390	1843.888	1843.856	1840.282	1843.856	1843.137	1844.082	1844.066	1843.068	1840.588	1837.616	1839.944	1839.789	1833.588	1840.430	1840.425	1840.278	1839.664	1843.821	1838.392	1844.114	1844.317	1844.090	1834.242	1836.537	1821.529	1825.540	1840.262	1840.213	1843.631	1843.681	1841.222	1843.926	1843.970	1844.112	1841.238	1843.973	1843.931	1840.044	1844.117	1843.843	1835.222	1843.900	1843.904	1843.690	1841.731	1844.739	1844.140	1828.494	1826.648	1826.933	1827.381	1822.945	pinger.es.net	NET	North_America	julius.ktl.mii.lt	LT	Europe
GOV.ESNET.NOC.N4	LV.WEB-A-LVDATS.N1	?B	1927.378	785.662	1935.743	1276.642	696.760	949.961	233.382	1274.043	1906.044	1981.586	1896.700	831.045	1851.770	1981.906	1921.544	1926.970	717.543	1299.827	1896.768	1313.816	1890.743	1972.645	1338.117	1948.823	1888.916	1913.997	1979.974	1986.643	1986.479	1986.830	1986.969	1963.138	1941.382	1324.133	1985.138	1946.432	1306.914	1987.038	1955.631	724.991	1986.765	1957.843	1963.897	1982.791	862.700	676.829	706.042	1225.371	856.366	451.306	1221.662	1269.399	1253.074	883.859	1795.297	1737.445	681.289	1211.378	1824.575	887.376	pinger.es.net	NET	North_America	web-a.lvdats.lv	LV	Europe
GOV.ESNET.NOC.N4	LY.LTTNET.NET	?B	1666.558	757.825	1112.163	1659.682	1618.005	1672.472	1660.287	1669.964	804.398	1677.440	1671.062	1674.804	1659.467	1662.617	1102.683	1678.658	1640.221	1665.436	1678.012	1675.208	1675.658	658.489	1675.884	1690.038	1657.631	1645.860	1654.008	1653.562	1655.149	1655.679	1651.938	1682.511	1631.814	1653.301	1655.329	1689.989	1701.837	1687.101	1652.482	1660.470	1698.593	1669.048	1682.591	1684.768	1716.575	1628.428	475.168	404.646	1653.740	1642.545	1642.637	1666.046	1156.453	1656.277	1665.397	1634.884	1661.559	1686.332	1661.927	1684.704	pinger.es.net	NET	North_America	mail.lttnet.net	NET	Africa
GOV.ESNET.NOC.N4	MK.NET.N1	?B	1338.143	1927.459	1928.808	1926.651	1928.615	1924.343	1875.001	1931.660	1930.399	1951.512	1968.612	962.431	1890.593	1893.102	1273.087	1944.644	1915.086	1943.324	1966.941	1911.760	1904.784	1959.201	1953.423	1359.537	1964.061	1939.662	950.690	764.354	1976.006	1977.682	1976.511	1972.775	1938.467	1959.868	1926.336	1919.379	1918.698	1920.060	1915.262	1785.523	1917.143	1327.829	1918.222	732.203	1904.573	1827.649	1913.862	1913.311	1898.135	1874.796	1868.304	1946.686	1953.365	1954.733	605.819	1939.965	1345.396	1938.731	1936.494	1934.630	pinger.es.net	NET	North_America	www.mt.net.mk	MK	Balkans
GOV.ESNET.NOC.N4	ML.ORG.REFER.N1	?B	1633.376	1639.335	1636.121	1637.000	1100.113	1595.544	1546.174	1542.002	1528.967	1442.305	656.295	210.142	1482.640	648.197	1641.016	1632.752	1033.225	1470.907	1558.539	1529.613	1208.260	1608.868	1592.207	1477.352	719.359	1437.675	633.734	1400.671	1469.017	1604.454	884.518	579.901	341.939	633.660	1218.995	1367.431	761.803	1535.506	985.370	911.035	454.082	1045.105	1616.318	1036.438	1414.063	726.096	1488.393	1539.127	198.735	836.889	1172.039	1163.426	471.326	439.087	393.530	897.863	1611.757	1604.088	1475.842	1183.626	pinger.es.net	NET	North_America	www.ml.refer.org	ORG	Africa
GOV.ESNET.NOC.N4	MN.MAGIC.N1	?B	1700.272	1694.202	1693.552	1697.389	1681.053	1695.563	1671.266	1685.719	1691.729	1688.513	1675.077	1685.299	1685.963	1644.212	1685.393	1685.648	1668.131	804.571	2028.844	1641.316	1861.190	1696.300	1692.742	1690.319	1688.116	1686.765	1595.845	1629.082	1672.535	1652.373	1687.921	1690.865	1690.387	1677.264	1535.154	1538.431	1552.957	730.387	824.040	2056.526	2064.141	2065.154	2063.345	2059.489	2022.531	2019.750	2023.861	2022.642	2050.537	577.026	2064.652	1925.091	1678.767	1690.438	1680.896	1812.788	2020.069	2020.579	2019.833	2015.918	pinger.es.net	NET	North_America	magic.mn	MN	Central_Asia
GOV.ESNET.NOC.N4	MR.AFE.N1	?B	158.760	519.954	430.021	450.250	553.595	321.456	633.801	704.173	1392.877	1387.207	1340.001	380.503	537.047	377.676	248.502	677.845	960.398	295.350	329.318	280.650	263.659	271.504	514.013	295.998	216.050	103.570	103.082	96.616	397.321	749.694	456.759	365.009	593.854	194.570	104.454	763.571	1431.247	1010.926	898.723	754.607	512.041	1213.200	337.727	585.158	554.613	346.059	207.782	377.952	490.733	240.921	651.288	404.666	442.170	130.407	124.915	148.897	164.418	337.231	692.725	214.356	pinger.es.net	NET	North_America	www.afe.mr	MR	Africa
GOV.ESNET.NOC.N4	MX.UIA.N1	?B	4397.100	4396.452	4229.921	3890.679	4145.322	4123.020	2880.171	4324.311	4293.556	4153.913	1955.397	4255.096	4230.868	4296.151	4303.377	4297.350	4260.006	4181.560	4218.114	4224.615	4217.726	4228.645	4170.627	4210.634	4266.068	4244.776	4145.095	4308.833	4316.001	4319.189	4267.247	2909.569	1548.208	2117.007	1728.098	3033.906	1755.996	4338.039	2954.483	4313.235	4145.075	4311.230	4366.016	4260.802	3975.152	1390.193	4123.217	4156.278	4173.162	2973.580	4280.374	2849.658	4067.990	4052.514	3950.629	4092.637	4269.086	2788.507	2818.072	3949.082	pinger.es.net	NET	North_America	www.uia.mx	MX	Latin_America
GOV.ESNET.NOC.N4	MY.UNIMAS.N4	?M	1623.063	1629.630	1631.789	1128.635	1626.936	1620.721	544.122	85.995	99.626	115.182	1616.951	283.637	144.718	1608.043	1630.818	1626.993	1611.844	1602.085	315.093	357.193	1604.418	1610.759	1610.651	1608.776	1093.443	1590.922	1552.222	1600.021	1574.463	1609.601	1601.779	1598.779	1572.245	1538.110	1511.090	1047.820	1512.600	1569.060	1598.919	1623.814	1603.099	1603.363	1604.040	1604.796	1573.891	1602.577	1500.055	1457.281	1447.958	1427.993	1439.624	1493.180	1516.644	1516.661	1288.666	1536.282	1544.734	1545.222	1540.049	1536.943	pinger.es.net	NET	North_America	pinger.unimas.my	MY	S.E._Asia
GOV.ESNET.NOC.N4	MZ.UEM.N1	?B	234.367	1098.186	530.510	432.858	371.308	262.718	304.486	1091.788	1080.731	520.152	331.739	368.842	426.531	1068.161	1119.131	1118.958	1116.072	1106.326	105.785	425.769	748.235	1142.403	1141.692	449.000	794.900	570.683	357.566	324.900	817.577	578.125	570.841	808.612	463.305	1167.895	1171.954	1181.568	818.562	571.585	357.695	461.025	236.521	137.844	817.995	332.262	304.937	153.558	464.608	1179.513	398.343	1174.216	1172.944	568.594	811.356	302.385	470.502	405.024	1187.132	1185.992	359.131	239.552	pinger.es.net	NET	North_America	www.uem.mz	MZ	Africa
GOV.ESNET.NOC.N4	NA.ADSL-ISP.COM.N1	?B	1149.403	1150.517	1147.439	355.162	1157.954	1136.580	1146.014	1152.187	1143.379	1132.423	392.208	791.946	1134.512	1144.926	1143.879	1147.702	1148.086	1130.406	1141.413	1148.863	1146.183	1139.220	1151.234	1140.966	1023.562	1153.782	1145.586	792.293	1143.601	1144.414	1146.548	1148.069	1137.679	1100.946	1121.495	1140.458	1141.437	1141.225	786.373	1140.829	1138.645	1144.501	1146.341	1139.972	1141.462	1144.383	1141.210	1142.194	1133.886	1125.945	1111.316	1099.878	1135.101	1116.557	1123.829	1143.559	602.914	867.770	486.920	1140.986	pinger.es.net	NET	North_America	www.adsl.com.na	NA	Africa
GOV.ESNET.NOC.N4	NP.NREN.NET.N2	?B	1219.408	1221.466	1192.104	1214.562	1159.031	1154.897	1212.075	1221.497	1223.437	1219.763	1192.483	393.336	233.381	592.119	1174.617	1159.455	1218.493	1220.166	344.258	226.094	1113.292	838.739	1161.698	1171.747	1211.192	1204.823	1215.413	1219.593	1221.224	1222.814	1221.630	1214.136	1212.843	253.622	564.230	1154.597	1155.713	1197.913	1222.168	1232.650	1213.862	595.194	1209.486	1221.519	1211.504	1185.507	1209.042	846.099	1186.612	1210.064	1204.976	1195.483	1202.195	1214.049	1210.129	420.438	1197.428	1217.142	1224.363	1231.836	pinger.es.net	NET	North_America	www.nren.net.np	NP	South_Asia
GOV.ESNET.NOC.N4	PA.EDU.INSTITUTOKILPATRICK.N1	?B	2934.608	2491.982	2878.669	1975.665	2863.342	609.259	1393.070	2059.644	2878.310	1992.732	2865.071	1957.770	1724.454	1694.429	2637.925	2872.800	1294.986	2853.514	1989.796	1988.762	2886.601	2863.025	2886.374	2873.393	2860.559	1986.061	1965.001	2009.291	2850.890	2847.003	659.198	1977.089	2789.324	1979.741	2843.003	1981.638	1402.339	2858.963	1975.384	1938.269	2845.724	1406.009	1407.285	1394.728	2856.630	482.166	1397.907	801.147	629.942	2661.838	2853.070	1402.115	791.822	1388.167	2845.002	2807.868	2782.583	1938.084	1361.783	1934.330	pinger.es.net	NET	North_America	institutokilpatrick.edu.pa	PA	Latin_America
GOV.ESNET.NOC.N4	PH.USEP.EDU.N1	?B	1628.622	782.597	1561.627	562.003	1721.205	.	.	.	.	.	.	237.090	236.936	328.714	1425.751	1427.790	481.266	316.493	377.915	376.157	441.548	1855.962	2017.661	213.838	420.252	416.947	592.662	500.484	1916.664	738.439	292.043	379.100	492.763	478.911	398.653	1207.865	1260.365	396.461	344.485	485.371	560.796	503.940	1615.840	714.030	604.804	712.244	444.962	581.120	437.083	.	1235.292	340.831	654.008	363.389	444.447	771.996	1165.929	508.976	667.645	565.689	pinger.es.net	NET	North_America	www.usep.edu.ph	PH	S.E._Asia
GOV.ESNET.NOC.N4	PK.PERNMTNPOP.EDU.N2	?M	.	.	.	.	.	.	.	.	.	.	.	.	.	.	.	.	.	.	.	.	.	.	.	.	.	1188.048	530.342	.	310.107	.	198.937	335.794	1186.743	1185.860	.	.	.	.	.	1186.555	474.648	276.402	.	.	420.629	126.991	1214.497	393.422	541.028	.	1218.621	166.159	.	399.061	1202.455	303.686	.	171.841	267.953	421.398	pinger.es.net	NET	North_America	pingermtn.pern.edu.pk	PK	South_Asia
GOV.ESNET.NOC.N4	PK.SEECS.EDU.N2	?M	750.739	611.380	396.244	351.186	535.079	181.465	470.208	887.950	293.827	298.543	168.913	194.086	195.015	572.479	1184.399	770.925	438.419	783.210	537.468	448.204	568.903	579.310	819.138	390.664	593.498	308.170	526.254	763.444	1144.085	828.598	791.437	405.269	767.549	1069.101	743.094	436.170	528.353	342.018	226.952	267.397	510.179	206.392	488.097	366.344	523.865	300.076	743.351	535.461	486.390	785.943	435.358	517.721	425.003	729.797	563.147	940.230	560.610	799.684	464.109	460.064	pinger.es.net	NET	North_America	monitor.seecs.edu.pk	PK	South_Asia
GOV.ESNET.NOC.N4	PS.ALQUDS.EDU.N2	?M	.	.	.	.	.	.	.	.	.	.	.	.	.	.	.	.	.	.	.	.	.	.	.	.	.	.	.	.	.	.	.	.	.	.	.	.	.	.	.	.	.	.	.	.	.	.	.	.	.	.	.	.	.	.	.	.	.	.	.	.	pinger.es.net	NET	North_America	pinger.alquds.edu	EDU	Middle_East
GOV.ESNET.NOC.N4	PY.WWW.UNA.N1	?B	1107.518	1302.882	1598.157	1602.861	1598.519	246.940	1480.077	1505.540	1497.408	1587.674	1562.312	635.683	1561.359	1551.546	1580.204	1582.673	1551.589	696.590	1558.388	1523.245	1453.535	1484.560	1469.270	1533.361	1556.305	1550.637	1505.164	1528.540	1553.689	1564.334	1551.711	1577.214	399.825	435.847	1548.430	1552.250	763.026	1556.166	1554.854	1561.455	1550.699	1563.878	1563.120	441.902	1083.517	1557.005	1559.279	1555.765	1472.107	1359.333	1503.495	1487.450	1559.195	1634.027	1640.667	1639.182	1134.440	508.150	509.360	1136.395	pinger.es.net	NET	North_America	www.una.py	PY	Latin_America
GOV.ESNET.NOC.N4	RS.BG.AC.N1	?B	2055.178	2053.995	2053.527	2050.352	2053.954	2083.763	2086.354	2090.717	2089.952	2090.068	2085.059	2090.170	2083.452	2086.597	2090.249	2089.910	2090.210	2085.396	2089.900	2088.804	2093.385	2090.163	2090.189	2089.964	2085.560	2088.953	2085.967	2086.586	647.847	1853.288	1839.933	1850.005	1997.503	2064.945	2090.172	2089.868	2090.083	2089.919	2086.750	1022.965	1448.280	1448.138	2089.966	2090.369	2090.082	2084.684	2089.972	2089.934	2085.078	2089.996	2090.034	2089.422	2086.732	2090.042	2089.620	2070.096	2067.789	2067.884	2068.702	540.564	pinger.es.net	NET	North_America	ns.rcub.bg.ac.rs	RS	Balkans
GOV.ESNET.NOC.N4	RU.ITEP.N1	?B	1815.428	1785.030	1753.367	1753.554	1797.874	1793.243	1245.073	1800.588	1800.211	1798.613	1796.588	1809.163	1794.352	1797.866	1800.211	1799.410	1800.027	1796.344	1811.838	1811.516	1819.766	1253.100	1814.856	1260.917	1825.555	1227.972	1239.908	898.724	1270.896	1269.251	1804.272	706.097	631.199	706.907	1226.242	1770.623	546.739	1243.874	411.515	571.325	1278.634	1846.158	1846.743	1278.786	1845.554	110.637	119.702	1842.959	1831.107	1835.786	1830.064	1841.714	1903.381	1884.526	1871.455	1821.049	1260.028	1818.469	1816.209	1793.907	pinger.es.net	NET	North_America	mctest.itep.ru	RU	Russia
GOV.ESNET.NOC.N4	RU.NSK.N1	?M	300.136	386.459	189.816	253.202	191.343	474.225	253.422	479.527	199.250	371.140	333.320	335.751	968.549	388.329	391.579	684.035	470.423	329.562	623.421	289.886	459.595	652.521	940.935	442.552	518.441	326.289	213.054	243.194	274.038	1000.267	905.050	305.450	480.821	157.188	168.016	653.765	973.831	153.085	310.795	917.681	656.139	461.399	943.485	657.989	633.157	464.874	816.847	1007.561	204.655	1014.382	1015.134	975.692	999.738	1017.635	.	.	.	.	.	600.419	pinger.es.net	NET	North_America	rainbow.inp.nsk.su	SU	Russia
GOV.ESNET.NOC.N4	RW.KIST.AC.N1	?B	.	.	.	.	.	.	.	.	.	.	.	.	.	.	.	.	.	.	.	.	.	.	.	.	.	.	.	.	.	.	.	.	.	.	.	.	.	.	.	.	.	.	.	.	.	.	.	.	.	.	.	.	.	.	.	.	.	.	.	.	pinger.es.net	NET	North_America	www.kist.ac.rw	RW	Africa
GOV.ESNET.NOC.N4	SG.SINGAREN.NET.N1	?B	1942.720	1942.789	1942.813	1938.354	1942.242	1941.981	1942.467	1942.845	1942.691	1940.867	1938.795	1941.747	1938.717	1932.439	1942.712	1941.804	1941.134	1939.214	1942.756	1942.803	1942.902	1942.974	1942.735	1942.433	1939.320	1942.037	1940.855	1941.866	1942.678	1942.805	1942.599	1939.553	1942.547	1941.973	1942.032	1942.226	1942.044	1942.315	1939.760	1941.617	1345.430	1941.671	1941.476	1941.247	1941.570	1937.300	1940.474	1941.113	1941.702	1942.706	1942.247	1941.819	1938.775	1942.396	1942.025	1925.292	1923.437	1923.214	1923.082	1917.864	pinger.es.net	NET	North_America	www.singaren.net.sg	SG	S.E._Asia
GOV.ESNET.NOC.N4	SI.UNI-MB.N1	?B	2074.158	2073.164	2072.445	2068.703	2053.768	2068.451	2070.375	2071.781	2070.807	2071.567	2066.931	2071.274	1434.863	2070.854	1435.272	1435.002	2071.524	2067.277	1446.831	2090.651	2088.771	2091.559	2091.543	2091.275	1935.737	1876.548	1873.553	1877.501	652.562	1877.372	1865.438	1874.917	2006.081	2067.994	2091.286	2091.089	2090.691	2091.433	1931.963	1877.367	1877.149	1877.645	1877.322	1877.324	1881.861	1879.103	1898.274	1894.066	1879.545	1876.202	1881.977	1875.454	1906.778	1881.636	1893.899	1866.054	1864.064	1864.028	1864.317	1860.920	pinger.es.net	NET	North_America	www.uni-mb.si	SI	Balkans
GOV.ESNET.NOC.N4	SK.SANET.N1	?B	2194.526	2193.592	2193.605	2190.542	2173.176	2187.858	2189.569	2192.290	2192.242	2191.990	2187.451	2192.057	2189.833	2191.961	2191.722	2190.985	2191.605	2188.121	2210.378	2213.397	2211.322	2214.468	2213.989	2214.223	2209.169	2214.121	2214.360	1377.519	1935.526	1950.317	1941.374	1946.276	2110.776	2196.971	2214.468	2213.649	2214.513	2214.591	2210.448	2213.985	2214.383	2214.546	2213.356	2214.452	2220.401	2216.029	2220.718	2220.272	2212.099	2220.428	2219.815	2220.332	2215.749	2220.749	2220.806	2199.219	2195.743	2196.045	2196.360	2192.071	pinger.es.net	NET	North_America	ba.sanet.sk	SK	Europe
GOV.ESNET.NOC.N4	SN.COLLEGE.EDU.N1	?B	1802.698	1792.862	1782.603	1232.739	552.184	617.709	617.256	1782.428	1788.319	616.336	1048.390	440.431	618.918	713.035	1235.519	1782.156	1236.330	551.811	873.641	504.226	713.174	1235.634	1507.062	223.332	1272.754	565.907	517.534	131.928	158.968	129.784	102.307	91.532	91.984	1260.247	527.313	1880.386	1842.607	1246.535	622.299	873.427	551.033	552.564	1784.539	1784.455	872.684	614.821	615.774	503.020	615.870	1778.896	1778.786	871.926	501.103	437.836	410.976	610.519	1760.959	1761.686	862.607	697.243	pinger.es.net	NET	North_America	www.college.edu.sn	SN	Africa
GOV.ESNET.NOC.N4	SV.RED.N1	?B	2730.897	2732.542	2735.773	1330.052	1876.691	445.974	2709.754	1881.878	2719.059	2714.268	2653.538	1865.900	2712.826	1335.019	2563.538	2725.785	2729.323	2705.693	2660.523	1308.223	2664.099	1870.034	1871.354	1854.271	1867.927	2689.231	2712.383	784.477	654.663	801.628	2711.052	1894.223	1864.606	1332.726	1895.472	2742.908	2737.303	2748.350	1888.934	934.371	1863.540	2751.824	2751.088	1905.011	2750.385	1343.472	1907.085	2738.852	2701.161	2714.804	2686.969	2696.233	2687.613	2694.716	2692.259	2667.138	2659.490	2662.786	2643.969	2627.319	pinger.es.net	NET	North_America	cir.red.sv	SV	Latin_America
GOV.ESNET.NOC.N4	TG.REFER.ORG.N1	?B	1409.753	1394.621	1335.485	1365.816	630.710	577.592	913.301	950.215	665.300	501.750	471.640	501.476	297.272	1305.100	1313.207	1358.887	833.215	1369.190	443.333	383.725	452.816	880.059	1334.006	630.381	317.062	1184.604	1286.786	1276.584	1359.092	1295.940	895.114	645.036	908.082	892.853	1320.954	1390.052	1389.141	503.377	893.270	1335.849	367.289	904.156	1409.224	1323.637	867.350	1120.496	524.145	512.774	874.886	450.703	734.937	1205.018	425.580	265.143	416.376	440.154	490.888	872.448	698.422	396.188	pinger.es.net	NET	North_America	tg.refer.org	ORG	Africa
GOV.ESNET.NOC.N4	TH.KMUTT.AC.N2	?B	1539.787	1539.607	1539.372	1537.131	1539.049	1539.470	1539.489	1533.250	1532.430	1532.657	1528.697	1532.903	750.375	750.823	750.386	1060.823	1532.872	1061.093	1065.463	1065.336	1531.218	1530.574	1530.836	1529.318	1527.286	1529.405	1529.167	1532.300	1528.951	1524.232	1055.916	1523.991	750.136	1020.879	1446.247	1444.546	708.471	1503.850	1527.685	1072.516	1541.953	532.314	754.099	1067.642	1064.226	1532.330	753.245	753.864	754.988	1068.586	1541.692	1065.046	1534.131	1539.322	1538.355	346.007	1077.757	1556.142	1559.560	1550.800	pinger.es.net	NET	North_America	ongkot.kmutt.ac.th	TH	S.E._Asia
GOV.ESNET.NOC.N4	TN.GNET.N1	?B	1925.227	903.457	1297.220	1898.596	1181.621	676.337	1663.088	841.095	516.467	779.877	369.618	340.666	431.683	1774.675	1703.711	1816.971	1780.586	1800.384	719.021	1813.139	1796.327	1251.745	1845.530	1812.255	1815.625	1809.132	1822.714	1822.571	1823.775	1817.852	1823.967	1821.194	1880.000	1928.156	1928.778	1841.198	1820.217	1823.938	1821.039	1766.635	1761.140	1782.776	1751.758	1761.456	1759.971	1182.844	1774.478	1757.656	1744.589	1714.742	1714.990	1743.075	1695.855	1732.374	834.978	1747.066	1752.877	1724.838	1739.970	502.541	pinger.es.net	NET	North_America	mail.gnet.tn	TN	Africa
GOV.ESNET.NOC.N4	TR.ANADOLU.EDU.N1	?B	1747.799	1747.392	1743.893	1208.892	1731.897	853.668	1208.041	1743.220	1736.689	1208.638	1740.821	849.358	1744.759	1741.073	1737.946	1743.685	1733.552	1199.673	1757.557	1219.274	704.027	1219.808	1758.832	1762.727	1755.040	1227.189	862.866	591.158	1559.642	1550.502	753.862	805.290	508.932	656.482	338.569	1652.827	1619.732	665.092	667.471	1159.719	362.890	1699.930	1733.465	1720.390	1210.121	873.870	1813.481	886.765	1791.758	1804.818	1804.500	1244.499	1796.566	1809.836	1787.771	1771.268	1776.677	1781.109	1771.366	1769.547	pinger.es.net	NET	North_America	www.anadolu.edu.tr	TR	Middle_East
GOV.ESNET.NOC.N4	TW.SINICA.EDU.N1	?B	2311.883	2310.759	2310.779	2305.687	2311.061	2310.645	2310.878	2312.481	2312.249	2312.137	2307.693	2317.722	2311.428	2311.637	2312.318	2311.422	2312.131	2306.842	2312.026	1600.947	2310.937	2312.465	2312.315	2312.163	2307.397	1131.948	2307.486	2312.425	2312.303	2311.616	2286.817	2297.828	2309.840	2179.239	2127.002	2127.685	2127.645	2254.412	2307.223	2361.350	2311.969	2312.040	2310.629	2312.233	1601.732	2305.677	2311.603	2311.847	2311.761	2312.286	2312.289	2311.738	2306.422	2311.772	2311.782	2350.347	2360.674	2360.380	2360.120	2353.162	pinger.es.net	NET	North_America	dns.sinica.edu.tw	TW	East_Asia
GOV.ESNET.NOC.N4	TZ.UDSM.AC.N1	?B	.	.	.	.	.	.	.	.	.	.	.	.	.	.	.	.	.	.	.	.	.	.	.	.	.	.	.	.	.	.	.	.	.	.	.	.	.	.	.	.	.	.	.	.	.	.	.	.	.	.	.	.	.	.	.	.	.	.	.	.	pinger.es.net	NET	North_America	www.udsm.ac.tz	TZ	Africa
GOV.ESNET.NOC.N4	UA.KHARKOV.N1	?B	119.718	165.383	147.528	244.777	195.591	222.011	177.183	223.415	295.924	209.876	184.113	245.632	226.043	371.267	210.636	245.246	374.461	504.411	357.205	219.852	555.923	252.756	185.505	390.850	320.401	196.279	374.894	243.634	259.406	243.944	321.148	196.365	280.045	216.446	207.241	216.510	556.150	344.992	223.127	617.113	281.858	248.744	439.539	213.287	239.399	230.949	264.215	303.737	300.084	361.196	382.603	454.943	210.577	317.428	232.341	210.203	367.223	201.200	297.431	297.166	pinger.es.net	NET	North_America	mail.kipt.kharkov.ua	UA	Europe
GOV.ESNET.NOC.N4	UY.FISICA.EDU.N1	?B	1649.273	610.366	1623.926	1647.364	1142.979	1845.219	1319.133	1325.362	1024.665	935.484	1318.253	1315.858	657.147	1321.847	590.864	538.306	1616.350	605.995	407.207	932.564	934.815	934.298	1023.374	1904.986	1589.261	1846.587	1273.059	737.339	639.503	1276.810	1785.015	1900.297	759.759	860.561	690.638	598.271	1728.038	884.779	1838.735	1275.212	989.525	1870.823	917.069	899.433	930.195	1331.014	1935.264	1392.419	2046.259	1416.979	1416.209	1586.959	2036.194	1415.274	2037.343	749.288	2081.175	1019.454	1426.512	1391.085	pinger.es.net	NET	North_America	www.fisica.edu.uy	UY	Latin_America
GOV.ESNET.NOC.N4	VE.CUC.EDU.N1	?B	3252.458	3251.608	3250.291	3236.483	3226.827	2236.450	3250.152	3251.975	3252.042	2825.297	2774.865	3250.312	3251.331	3205.155	3252.733	3250.781	3251.398	3237.279	3252.773	3251.277	3252.289	3253.422	3253.402	3251.567	3242.033	3240.586	3236.666	3251.784	3251.817	3252.757	3251.380	3240.982	3210.626	3244.320	3248.728	3253.020	3252.628	3251.865	3243.088	3224.845	3251.238	3249.854	3250.873	3252.086	3241.160	3210.605	3219.922	3224.296	3219.472	3224.306	3223.814	3223.562	3215.210	3223.714	3223.124	3238.504	3244.074	3244.473	3242.385	3103.714	pinger.es.net	NET	North_America	www.cuc.edu.ve	VE	Latin_America
GOV.ESNET.NOC.N4	ZA.TENET.AC.N1	?M	267.200	949.375	949.222	969.120	1025.334	1029.324	437.888	1030.782	375.871	941.944	941.765	948.067	190.097	945.419	947.162	1028.652	993.310	987.242	988.879	975.905	237.271	715.481	1025.695	1034.223	1033.245	1030.316	1026.077	1024.764	1026.384	1028.174	1010.991	994.652	987.442	984.040	980.794	989.763	989.579	1025.508	1027.542	1020.413	1022.686	1027.967	1033.621	1033.334	1033.365	1023.701	1031.060	1032.051	969.507	1022.113	1018.361	1019.384	685.936	983.958	1007.045	1020.658	1019.448	1025.897	1029.985	1026.991	pinger.es.net	NET	North_America	brunsvigia.tenet.ac.za	ZA	Africa
GOV.ESNET.NOC.N4	ZM.AISHA.AC.N1	?B	166.042	962.922	956.611	663.668	962.523	688.611	671.853	954.882	947.923	953.556	664.724	959.790	963.440	961.092	932.976	938.942	940.410	378.376	940.830	945.298	949.421	948.526	952.558	959.690	954.217	947.003	207.949	106.810	91.808	114.158	86.231	85.029	131.478	128.807	133.061	244.031	186.566	167.203	120.272	143.860	960.615	959.639	949.683	944.244	945.459	649.736	944.085	944.159	937.946	891.526	933.281	950.398	955.036	910.299	952.796	947.658	947.240	947.707	948.865	947.168	pinger.es.net	NET	North_America	www.aisha.ac.zm	ZM	Africa

